-- DatAdmin Native MySQL Dump

/*!40101 SET NAMES utf8 */;
/*!40101 SET @OLD_SQL_MODE=@@SQL_MODE, SQL_MODE='NO_AUTO_VALUE_ON_ZERO' */;

CREATE TABLE `country` ( 
    `id` smallint AUTO_INCREMENT NOT NULL, 
    `name` varchar(64) NOT NULL, 
    `shortname` varchar(2) NOT NULL,  
    PRIMARY KEY (`id`)
) ENGINE=InnoDB  AUTO_INCREMENT=264  COLLATE=utf8_general_ci ;
CREATE UNIQUE INDEX `shortname` ON `country` (`shortname`);
CREATE TABLE `currency_type` ( 
    `id` tinyint AUTO_INCREMENT NOT NULL, 
    `name` varchar(3) NOT NULL,  
    PRIMARY KEY (`id`)
) ENGINE=InnoDB  AUTO_INCREMENT=9  COLLATE=utf8_general_ci ;
CREATE TABLE `languages` ( 
    `id` smallint AUTO_INCREMENT NOT NULL, 
    `name` varchar(255) NOT NULL, 
    `shortname` char(2) NOT NULL, 
    `own_name` varchar(255) NOT NULL, 
    `flag` varchar(2) NULL, 
    `pos` smallint NULL,  
    PRIMARY KEY (`id`)
) ENGINE=InnoDB  AUTO_INCREMENT=365  COLLATE=utf8_general_ci ;
CREATE UNIQUE INDEX `shortname` ON `languages` (`shortname`);
CREATE UNIQUE INDEX `english_language_name` ON `languages` (`name`);
CREATE UNIQUE INDEX `native_language_name` ON `languages` (`own_name`);
CREATE TABLE `payments` ( 
    `id` smallint AUTO_INCREMENT NOT NULL, 
    `name` varchar(32) NOT NULL, 
    `pos` smallint NOT NULL DEFAULT '0',  
    PRIMARY KEY (`id`)
) ENGINE=InnoDB  AUTO_INCREMENT=26  COLLATE=utf8_general_ci ;
CREATE UNIQUE INDEX `name` ON `payments` (`name`);
CREATE UNIQUE INDEX `pos` ON `payments` (`pos`);
CREATE TABLE `period_type` ( 
    `id` tinyint AUTO_INCREMENT NOT NULL, 
    `name` varchar(6) NOT NULL,  
    PRIMARY KEY (`id`)
) ENGINE=InnoDB  AUTO_INCREMENT=7  COLLATE=utf8_general_ci ;
CREATE TABLE `project` ( 
    `id` int AUTO_INCREMENT NOT NULL, 
    `name` varchar(50) NOT NULL, 
    `admin` int NOT NULL, 
    `url` varchar(150) NOT NULL, 
    `description` varchar(5000) NULL, 
    `start_date` date NOT NULL, 
    `add_date` timestamp NOT NULL DEFAULT CURRENT_TIMESTAMP, 
    `paymenttype` tinyint NOT NULL,  
    PRIMARY KEY (`id`)
) ENGINE=InnoDB  AUTO_INCREMENT=68  COLLATE=utf8_general_ci ;
CREATE TABLE `project_lang` ( 
    `id` int AUTO_INCREMENT NOT NULL, 
    `project_id` int NOT NULL, 
    `lang_id` smallint NOT NULL,  
    PRIMARY KEY (`id`)
) ENGINE=InnoDB  AUTO_INCREMENT=11  COLLATE=utf8_general_ci ;
CREATE TABLE `project_payment` ( 
    `id` int AUTO_INCREMENT NOT NULL, 
    `project_id` int NOT NULL, 
    `payment_id` smallint NOT NULL,  
    PRIMARY KEY (`id`)
) ENGINE=InnoDB  AUTO_INCREMENT=7  COLLATE=utf8_general_ci ;
CREATE TABLE `project_plans` ( 
    `id` int AUTO_INCREMENT NOT NULL, 
    `project_id` int NOT NULL, 
    `percents` float NOT NULL, 
    `period` int NOT NULL, 
    `period_type_id` tinyint NOT NULL, 
    `start_deposit` float NOT NULL, 
    `currency_type_id` tinyint NOT NULL,  
    PRIMARY KEY (`id`)
) ENGINE=InnoDB  AUTO_INCREMENT=30  COLLATE=utf8_general_ci ;
CREATE TABLE `project_referral` ( 
    `id` int AUTO_INCREMENT NOT NULL, 
    `project_id` int NOT NULL, 
    `percents` float NOT NULL, 
    `level` tinyint NOT NULL,  
    PRIMARY KEY (`id`)
) ENGINE=InnoDB  AUTO_INCREMENT=15  COLLATE=utf8_general_ci ;
CREATE TABLE `user` ( 
    `id` int AUTO_INCREMENT NOT NULL, 
    `login` varchar(32) NOT NULL, 
    `email` varchar(64) NOT NULL, 
    `pass` varchar(50) NOT NULL, 
    `status_id` tinyint NOT NULL,  
    PRIMARY KEY (`id`)
) ENGINE=InnoDB  AUTO_INCREMENT=2  COLLATE=utf8_general_ci ;
CREATE TABLE `user_status` ( 
    `id` tinyint AUTO_INCREMENT NOT NULL, 
    `name` varchar(50) NOT NULL,  
    PRIMARY KEY (`id`)
) ENGINE=InnoDB  AUTO_INCREMENT=4  COLLATE=utf8_general_ci ;
INSERT INTO `project_plans` (`id`, `project_id`, `percents`, `period`, `period_type_id`, `start_deposit`, `currency_type_id`) VALUES
(2, 40, 1, 11, 1, 111, 1),
(3, 40, 2, 22, 2, 222, 2),
(4, 41, 1, 11, 1, 111, 1),
(5, 42, 1, 11, 1, 111, 1),
(6, 43, 1, 11, 1, 111, 1),
(7, 44, 1, 11, 1, 111, 1),
(8, 45, 1, 11, 1, 111, 1),
(9, 46, 1, 11, 1, 111, 1),
(10, 47, 1, 11, 1, 111, 1),
(11, 48, 1, 11, 1, 111, 1),
(12, 49, 1, 11, 1, 111, 1),
(13, 50, 1, 11, 1, 111, 1),
(14, 51, 1, 11, 1, 111, 1),
(15, 52, 1, 11, 1, 111, 1),
(16, 53, 1, 11, 1, 111, 1),
(17, 54, 1, 11, 1, 111, 1),
(18, 55, 1, 11, 1, 111, 1),
(19, 56, 1, 11, 1, 111, 1),
(20, 57, 1, 11, 1, 111, 1),
(21, 58, 1, 11, 1, 111, 1),
(22, 59, 1, 11, 1, 111, 1),
(23, 60, 1, 11, 1, 111, 1),
(24, 61, 1, 11, 1, 111, 1),
(25, 62, 1, 11, 1, 111, 1),
(26, 63, 1, 11, 1, 111, 1),
(27, 64, 1, 11, 1, 111, 1),
(28, 65, 1, 11, 1, 111, 1),
(29, 67, 1, 11, 1, 111, 1);
INSERT INTO `project_payment` (`id`, `project_id`, `payment_id`) VALUES
(1, 65, 1),
(2, 65, 8),
(3, 66, 1),
(4, 66, 8),
(5, 67, 1),
(6, 67, 8);
INSERT INTO `project_lang` (`id`, `project_id`, `lang_id`) VALUES
(1, 62, 219),
(2, 62, 364),
(3, 63, 219),
(4, 63, 364),
(5, 64, 219),
(6, 64, 364),
(7, 64, 219),
(8, 64, 364),
(9, 67, 219),
(10, 67, 364);
INSERT INTO `user_status` (`id`, `name`) VALUES
(1, 'registered'),
(2, 'need confirm'),
(3, 'super admin');
INSERT INTO `user` (`id`, `login`, `email`, `pass`, `status_id`) VALUES
(1, 'beautynight', 'beautynights@gmail.com', 'itsall4you', 3);
INSERT INTO `project_referral` (`id`, `project_id`, `percents`, `level`) VALUES
(1, 58, 2, 1),
(2, 58, 3, 2),
(3, 58, 4, 3),
(4, 59, 2, 1),
(5, 59, 0, 2),
(6, 59, 4, 3),
(7, 60, 2, 1),
(8, 60, 0, 2),
(9, 60, 4, 3),
(10, 61, 2, 1),
(11, 62, 2, 1),
(12, 63, 2, 1),
(13, 64, 2, 1),
(14, 67, 2, 1);
INSERT INTO `languages` (`id`, `name`, `shortname`, `own_name`, `flag`, `pos`) VALUES
(183, 'Afar', 'aa', 'Afaraf', 'dj', NULL),
(184, 'Abkhaz', 'ab', 'аҧсуа', 'ge', NULL),
(186, 'Afrikaans', 'af', 'Afrikaans', 'za', NULL),
(187, 'Akan', 'ak', 'Akan', 'gh', NULL),
(188, 'Amharic', 'am', 'አማርኛ', 'et', 33),
(190, 'Arabic', 'ar', 'العربية', 'ae', 6),
(191, 'Assamese', 'as', 'অসমীয়া', 'in', NULL),
(192, 'Avaric', 'av', 'авар мац', 'ru', NULL),
(193, 'Aymara', 'ay', 'aymar aru', 'pe', NULL),
(194, 'Azerbaijani', 'az', 'azərbaycan', 'az', 23),
(195, 'Bashkir', 'ba', 'башҡорт теле', 'ru', NULL),
(196, 'Belarusian', 'be', 'Беларуская', 'by', 31),
(197, 'Bulgarian', 'bg', 'български език', 'bg', NULL),
(199, 'Bislama', 'bi', 'Bislama', 'vu', NULL),
(200, 'Bambara', 'bm', 'bamanankan', 'ml', NULL),
(201, 'Bengali', 'bn', 'বাংলা', 'bd', 8),
(202, 'Tibetan, Central', 'bo', 'བོད་ཡིག', 'cn', NULL),
(205, 'Catalan; Valencian', 'ca', 'Català', 'es', NULL),
(206, 'Chechen', 'ce', 'нохчийн мотт', 'ru', NULL),
(207, 'Chamorro', 'ch', 'Chamoru', 'gu', NULL),
(210, 'Czech', 'cs', 'česky, čeština', 'cz', 30),
(212, 'Chuvash', 'cv', 'чӑваш чӗлхи', 'ru', NULL),
(214, 'Danish', 'da', 'dansk', 'dk', NULL),
(215, 'German', 'de', 'Deutsch', 'de', 11),
(216, 'Dhivehi, Maldivian', 'dv', 'ދިވެހި', 'mv', NULL),
(217, 'Ewe', 'ee', 'Eʋegbe', 'gh', NULL),
(218, 'Greek, Modern', 'el', 'Ελληνικά', 'gr', 29),
(219, 'English', 'en', 'English', 'us', 1),
(220, 'Esperanto', 'eo', 'Esperanto', NULL, NULL),
(221, 'Spanish', 'es', 'español', 'es', 4),
(222, 'Estonian', 'et', 'eesti', 'ee', NULL),
(223, 'Basque', 'eu', 'euskara, euskera', 'es', NULL),
(224, 'Persian', 'fa', 'فارسی', 'ir', 24),
(225, 'Fulah, Pulaar', 'ff', 'Fulfulde, Pulaar', 'ng', NULL),
(226, 'Finnish', 'fi', 'suomi', 'fi', NULL),
(227, 'Fijian', 'fj', 'vosa Vakaviti', 'fj', NULL),
(228, 'Faroese', 'fo', 'føroyskt', 'fo', NULL),
(229, 'French', 'fr', 'français', 'fr', 15),
(231, 'Irish', 'ga', 'Gaeilge', 'ie', NULL),
(233, 'Galician', 'gl', 'Galego', 'es', NULL),
(234, 'Guaraní', 'gn', 'Avañeẽ', 'py', NULL),
(235, 'Gujarati', 'gu', 'ગુજરાતી', 'in', NULL),
(237, 'Hausa', 'ha', 'Hausa, هَوُسَ', 'ng', NULL),
(238, 'Hebrew (modern)', 'he', 'עברית', 'il', NULL),
(239, 'Hindi', 'hi', 'हिन्दी, हिंदी', 'in', 5),
(241, 'Croatian', 'hr', 'hrvatski', 'hr', NULL),
(242, 'Haitian Creole', 'ht', 'Kreyòl ayisyen', 'ht', NULL),
(243, 'Hungarian', 'hu', 'Magyar', 'hu', NULL),
(244, 'Armenian', 'hy', 'Հայերեն', 'am', NULL),
(245, 'Herero', 'hz', 'Otjiherero', 'na', NULL),
(247, 'Indonesian', 'id', 'Bahasa Indonesia', 'id', NULL),
(249, 'Igbo', 'ig', 'Asụsụ Igbo', 'ng', NULL),
(252, 'Ido', 'io', 'Ido', 'ng', NULL),
(253, 'Icelandic', 'is', 'Íslenska', 'is', NULL),
(254, 'Italian', 'it', 'Italiano', 'it', 19),
(256, 'Japanese', 'ja', '日本語', 'jp', 9),
(257, 'Javanese', 'jv', 'basa Jawa', 'id', 12),
(258, 'Georgian', 'ka', 'ქართული', 'ge', NULL),
(259, 'Kongo', 'kg', 'KiKongo', 'cd', NULL),
(260, 'Kikuyu, Gikuyu', 'ki', 'Gĩkũyũ', 'ke', NULL),
(262, 'Kazakh', 'kk', 'Қазақ тілі', 'kz', NULL),
(264, 'Khmer', 'km', 'ភាសាខ្មែរ', 'kh', NULL),
(265, 'Kannada', 'kn', 'ಕನ್ನಡ', 'in', NULL),
(266, 'Korean', 'ko', '한국어 , 조선말', 'kr', 14);
INSERT INTO `languages` (`id`, `name`, `shortname`, `own_name`, `flag`, `pos`) VALUES
(267, 'Kanuri', 'kr', 'Kanuri', 'ng', NULL),
(269, 'Kurdish', 'ku', 'Kurdî, كوردی‎', 'tr', NULL),
(272, 'Kirghiz, Kyrgyz', 'ky', 'кыргыз тили', 'kg', NULL),
(274, 'Luxembourgish', 'lb', 'Lëtzebuergesch', 'lu', NULL),
(276, 'Limburgish', 'li', 'Limburgs', 'sl', NULL),
(278, 'Lao', 'lo', 'ພາສາລາວ', 'th', NULL),
(279, 'Lithuanian', 'lt', 'lietuvių kalba', 'lt', NULL),
(280, 'Luba-Katanga', 'lu', 'Kiluba', 'cd', NULL),
(281, 'Latvian', 'lv', 'latviešu valoda', 'lv', NULL),
(282, 'Malagasy', 'mg', 'Malagasy', 'mg', NULL),
(283, 'Marshallese', 'mh', 'Kajin M̧ajeļ', 'mh', NULL),
(284, 'Māori', 'mi', 'te reo Māori', 'nz', NULL),
(285, 'Macedonian', 'mk', 'македонски', 'mk', NULL),
(286, 'Malayalam', 'ml', 'മലയാളം', 'id', NULL),
(287, 'Mongolian', 'mn', 'монгол', 'mn', NULL),
(288, 'Marathi (Marāṭhī)', 'mr', 'मराठी', 'in', NULL),
(289, 'Malay', 'ms', 'بهاس ملايو‎', 'my', 18),
(290, 'Maltese', 'mt', 'Malti', 'mt', NULL),
(291, 'Burmese', 'my', 'ဗမာစာ', 'mm', 22),
(292, 'Nauru', 'na', 'Ekakairũ Naoero', 'nr', NULL),
(294, 'North Ndebele', 'nd', 'Northern Ndebele', 'zw', NULL),
(295, 'Nepali', 'ne', 'नेपाली', 'np', NULL),
(297, 'Dutch', 'nl', 'Nederlands, Vlaams', 'nl', 28),
(299, 'Norwegian', 'no', 'Norsk', 'no', NULL),
(300, 'South Ndebele', 'nr', 'Southern Ndebele', 'zw', NULL),
(302, 'Chichewa, Nyanja', 'ny', 'chiCheŵa', 'zm', NULL),
(305, 'Oromo', 'om', 'Afaan Oromoo', 'et', NULL),
(307, 'Ossetian', 'os', 'ирон æвзаг', 'ge', NULL),
(308, 'Panjabi, Punjabi', 'pa', 'ਪੰਜਾਬੀ, پنجابی‎', 'pk', 10),
(310, 'Polish', 'pl', 'polski', 'pl', 21),
(311, 'Pashto, Pushto', 'ps', 'پښتو', 'af', 25),
(312, 'Portuguese', 'pt', 'Português', 'pt', 7),
(313, 'Quechua', 'qu', 'Runa Simi, Kichwa', 'gt', NULL),
(314, 'Romansh', 'rm', 'rumantsch grischun', 'ch', NULL),
(315, 'Kirundi', 'rn', 'kiRundi', 'bi', NULL),
(316, 'Romanian, Moldavian', 'ro', 'română', 'ro', NULL),
(317, 'Russian', 'ru', 'русский', 'ru', 2),
(320, 'Sardinian', 'sc', 'sardu', 'it', NULL),
(321, 'Sindhi', 'sd', 'सिन्धी, سنڌي، سندھی‎', 'pk', NULL),
(323, 'Sango', 'sg', 'yângâ tî sängö', 'cg', NULL),
(324, 'Sinhalese', 'si', 'සිංහල', 'lk', NULL),
(325, 'Slovak', 'sk', 'slovenčina', 'sk', NULL),
(326, 'Slovene', 'sl', 'slovenščina', 'si', NULL),
(327, 'Samoan', 'sm', 'gagana faa Samoa', 'ws', NULL),
(328, 'Shona', 'sn', 'chiShona', 'zw', NULL),
(329, 'Somali', 'so', 'Soomaaliga', 'so', NULL),
(330, 'Albanian', 'sq', 'Shqip', 'al', NULL),
(331, 'Serbian', 'sr', 'српски', 'hr', NULL),
(332, 'Swati', 'ss', 'SiSwati', 'za', NULL),
(333, 'Southern Sotho', 'st', 'Sesotho', 'ls', NULL),
(334, 'Sundanese', 'su', 'Basa Sunda', 'id', NULL),
(335, 'Swedish', 'sv', 'svenska', 'se', NULL),
(336, 'Swahili', 'sw', 'Kiswahili', 'tz', NULL),
(337, 'Tamil', 'ta', 'தமிழ்', 'sg', 16),
(338, 'Telugu', 'te', 'తెలుగు', 'in', NULL),
(339, 'Tajik', 'tg', 'тоҷикӣ', 'tj', NULL),
(340, 'Thai', 'th', 'ไทย', 'th', 20),
(341, 'Tigrinya', 'ti', 'ትግርኛ', 'et', NULL),
(342, 'Turkmen', 'tk', 'Türkmen', 'tm', NULL),
(343, 'Tagalog', 'tl', 'Wikang Tagalog', 'us', NULL),
(344, 'Tswana', 'tn', 'Setswana', 'za', NULL),
(345, 'Tonga', 'to', 'faka Tonga', 'zm', NULL),
(346, 'Turkish', 'tr', 'Türkçe', 'tr', 17),
(347, 'Tsonga', 'ts', 'Xitsonga', 'mz', NULL);
INSERT INTO `languages` (`id`, `name`, `shortname`, `own_name`, `flag`, `pos`) VALUES
(348, 'Tatar', 'tt', 'татарча', 'ru', NULL),
(350, 'Tahitian', 'ty', 'Reo Tahiti', 'pf', NULL),
(351, 'Uighur, Uyghur', 'ug', 'Uyƣurqə, ئۇيغۇرچە‎', 'ch', NULL),
(352, 'Ukrainian', 'uk', 'українська', 'ua', 32),
(353, 'Urdu', 'ur', 'اردو', 'in', NULL),
(354, 'Uzbek', 'uz', 'zbek', 'uz', 26),
(355, 'Venda', 've', 'Tshivenḓa', 'za', NULL),
(356, 'Vietnamese', 'vi', 'Tiếng Việt', 'vn', 13),
(359, 'Wolof', 'wo', 'Wollof', 'sn', NULL),
(360, 'Xhosa', 'xh', 'isiXhosa', 'za', NULL),
(362, 'Yoruba', 'yo', 'Yorùbá', 'ng', 27),
(363, 'Zhuang, Chuang', 'za', 'Saɯ cueŋƅ', 'cn', NULL),
(364, 'Chinese', 'zh', '中文, 汉语, 漢語', 'cn', 3);
INSERT INTO `currency_type` (`id`, `name`) VALUES
(1, 'usd'),
(2, 'eur'),
(3, 'btc'),
(4, 'rub'),
(5, 'gbp'),
(6, 'jpy'),
(7, 'won'),
(8, 'inr');
INSERT INTO `country` (`id`, `name`, `shortname`) VALUES
(1, 'Afghanistan', 'AF'),
(2, 'Albania', 'AL'),
(3, 'Algeria', 'DZ'),
(4, 'American Samoa', 'AS'),
(5, 'Andorra', 'AD'),
(6, 'Angola', 'AO'),
(7, 'Anguilla', 'AI'),
(9, 'Antigua and Barbuda', 'AG'),
(10, 'Argentina', 'AR'),
(11, 'Armenia', 'AM'),
(12, 'Aruba', 'AW'),
(13, 'Australia', 'AU'),
(14, 'Austria', 'AT'),
(15, 'Azerbaijan', 'AZ'),
(16, 'Bahamas', 'BS'),
(17, 'Bahrain', 'BH'),
(18, 'Bangladesh', 'BD'),
(19, 'Barbados', 'BB'),
(20, 'Belarus', 'BY'),
(21, 'Belgium', 'BE'),
(22, 'Belize', 'BZ'),
(23, 'Benin', 'BJ'),
(24, 'Bermuda', 'BM'),
(25, 'Bhutan', 'BT'),
(26, 'Bolivia', 'BO'),
(27, 'Bosnia and Herzegovina', 'BA'),
(28, 'Botswana', 'BW'),
(30, 'Brazil', 'BR'),
(33, 'British Virgin Islands', 'VG'),
(34, 'Brunei', 'BN'),
(35, 'Bulgaria', 'BG'),
(36, 'Burkina Faso', 'BF'),
(37, 'Burundi', 'BI'),
(38, 'Cambodia', 'KH'),
(39, 'Cameroon', 'CM'),
(40, 'Canada', 'CA'),
(42, 'Cape Verde', 'CV'),
(43, 'Cayman Islands', 'KY'),
(44, 'Central African Republic', 'CF'),
(45, 'Chad', 'TD'),
(46, 'Chile', 'CL'),
(47, 'China', 'CN'),
(50, 'Colombia', 'CO'),
(51, 'Comoros', 'KM'),
(52, 'Congo - Brazzaville', 'CG'),
(53, 'Congo - Kinshasa', 'CD'),
(54, 'Cook Islands', 'CK'),
(55, 'Costa Rica', 'CR'),
(56, 'Croatia', 'HR'),
(57, 'Cuba', 'CU'),
(58, 'Cyprus', 'CY'),
(59, 'Czech Republic', 'CZ'),
(60, 'Côte d’Ivoire', 'CI'),
(61, 'Denmark', 'DK'),
(62, 'Djibouti', 'DJ'),
(63, 'Dominica', 'DM'),
(64, 'Dominican Republic', 'DO'),
(67, 'Ecuador', 'EC'),
(68, 'Egypt', 'EG'),
(69, 'El Salvador', 'SV'),
(70, 'Equatorial Guinea', 'GQ'),
(71, 'Eritrea', 'ER'),
(72, 'Estonia', 'EE'),
(73, 'Ethiopia', 'ET');
INSERT INTO `country` (`id`, `name`, `shortname`) VALUES
(75, 'Faroe Islands', 'FO'),
(76, 'Fiji', 'FJ'),
(77, 'Finland', 'FI'),
(78, 'France', 'FR'),
(80, 'French Polynesia', 'PF'),
(83, 'Gabon', 'GA'),
(84, 'Gambia', 'GM'),
(85, 'Georgia', 'GE'),
(86, 'Germany', 'DE'),
(87, 'Ghana', 'GH'),
(88, 'Gibraltar', 'GI'),
(89, 'Greece', 'GR'),
(90, 'Greenland', 'GL'),
(91, 'Grenada', 'GD'),
(92, 'Guadeloupe', 'GP'),
(93, 'Guam', 'GU'),
(94, 'Guatemala', 'GT'),
(95, 'Guernsey', 'GG'),
(96, 'Guinea', 'GN'),
(97, 'Guinea-Bissau', 'GW'),
(98, 'Guyana', 'GY'),
(99, 'Haiti', 'HT'),
(101, 'Honduras', 'HN'),
(102, 'Hong Kong SAR China', 'HK'),
(103, 'Hungary', 'HU'),
(104, 'Iceland', 'IS'),
(105, 'India', 'IN'),
(106, 'Indonesia', 'ID'),
(107, 'Iran', 'IR'),
(108, 'Iraq', 'IQ'),
(109, 'Ireland', 'IE'),
(110, 'Isle of Man', 'IM'),
(111, 'Israel', 'IL'),
(112, 'Italy', 'IT'),
(113, 'Jamaica', 'JM'),
(114, 'Japan', 'JP'),
(115, 'Jersey', 'JE'),
(117, 'Jordan', 'JO'),
(118, 'Kazakhstan', 'KZ'),
(119, 'Kenya', 'KE'),
(120, 'Kiribati', 'KI'),
(121, 'Kuwait', 'KW'),
(122, 'Kyrgyzstan', 'KG'),
(123, 'Laos', 'LA'),
(124, 'Latvia', 'LV'),
(125, 'Lebanon', 'LB'),
(126, 'Lesotho', 'LS'),
(127, 'Liberia', 'LR'),
(128, 'Libya', 'LY'),
(129, 'Liechtenstein', 'LI'),
(130, 'Lithuania', 'LT'),
(131, 'Luxembourg', 'LU'),
(132, 'Macau SAR China', 'MO'),
(133, 'Macedonia', 'MK'),
(134, 'Madagascar', 'MG'),
(135, 'Malawi', 'MW'),
(136, 'Malaysia', 'MY'),
(137, 'Maldives', 'MV'),
(138, 'Mali', 'ML'),
(139, 'Malta', 'MT'),
(140, 'Marshall Islands', 'MH'),
(141, 'Martinique', 'MQ'),
(142, 'Mauritania', 'MR'),
(143, 'Mauritius', 'MU');
INSERT INTO `country` (`id`, `name`, `shortname`) VALUES
(146, 'Mexico', 'MX'),
(147, 'Micronesia', 'FM'),
(149, 'Moldova', 'MD'),
(150, 'Monaco', 'MC'),
(151, 'Mongolia', 'MN'),
(153, 'Montserrat', 'MS'),
(154, 'Morocco', 'MA'),
(155, 'Mozambique', 'MZ'),
(156, 'Myanmar [Burma]', 'MM'),
(157, 'Namibia', 'NA'),
(158, 'Nauru', 'NR'),
(159, 'Nepal', 'NP'),
(160, 'Netherlands', 'NL'),
(161, 'Netherlands Antilles', 'AN'),
(163, 'New Caledonia', 'NC'),
(164, 'New Zealand', 'NZ'),
(165, 'Nicaragua', 'NI'),
(166, 'Niger', 'NE'),
(167, 'Nigeria', 'NG'),
(170, 'North Korea', 'KP'),
(173, 'Norway', 'NO'),
(174, 'Oman', 'OM'),
(176, 'Pakistan', 'PK'),
(177, 'Palau', 'PW'),
(178, 'Palestinian Territories', 'PS'),
(179, 'Panama', 'PA'),
(181, 'Papua New Guinea', 'PG'),
(182, 'Paraguay', 'PY'),
(184, 'Peru', 'PE'),
(185, 'Philippines', 'PH'),
(187, 'Poland', 'PL'),
(188, 'Portugal', 'PT'),
(189, 'Puerto Rico', 'PR'),
(190, 'Qatar', 'QA'),
(191, 'Romania', 'RO'),
(192, 'Russia', 'RU'),
(193, 'Rwanda', 'RW'),
(194, 'Réunion', 'RE'),
(197, 'Saint Kitts and Nevis', 'KN'),
(198, 'Saint Lucia', 'LC'),
(201, 'Saint Vincent and the Grenadines', 'VC'),
(202, 'Samoa', 'WS'),
(203, 'San Marino', 'SM'),
(204, 'Saudi Arabia', 'SA'),
(205, 'Senegal', 'SN'),
(206, 'Serbia', 'RS'),
(207, 'Montenegro', 'CS'),
(208, 'Seychelles', 'SC'),
(209, 'Sierra Leone', 'SL'),
(210, 'Singapore', 'SG'),
(211, 'Slovakia', 'SK'),
(212, 'Slovenia', 'SI'),
(213, 'Solomon Islands', 'SB'),
(214, 'Somalia', 'SO'),
(215, 'South Africa', 'ZA'),
(217, 'South Korea', 'KR'),
(218, 'Spain', 'ES'),
(219, 'Sri Lanka', 'LK'),
(220, 'Sudan', 'SD'),
(221, 'Suriname', 'SR'),
(223, 'Swaziland', 'SZ'),
(224, 'Sweden', 'SE'),
(225, 'Switzerland', 'CH'),
(226, 'Syria', 'SY');
INSERT INTO `country` (`id`, `name`, `shortname`) VALUES
(227, 'São Tomé and Príncipe', 'ST'),
(228, 'Taiwan', 'TW'),
(229, 'Tajikistan', 'TJ'),
(230, 'Tanzania', 'TZ'),
(231, 'Thailand', 'TH'),
(232, 'Timor-Leste', 'TL'),
(233, 'Togo', 'TG'),
(235, 'Tonga', 'TO'),
(236, 'Trinidad and Tobago', 'TT'),
(237, 'Tunisia', 'TN'),
(238, 'Turkey', 'TR'),
(239, 'Turkmenistan', 'TM'),
(240, 'Turks and Caicos Islands', 'TC'),
(241, 'Tuvalu', 'TV'),
(244, 'U.S. Virgin Islands', 'VI'),
(245, 'Uganda', 'UG'),
(246, 'Ukraine', 'UA'),
(248, 'United Arab Emirates', 'AE'),
(249, 'United Kingdom', 'GB'),
(250, 'United States', 'US'),
(252, 'Uruguay', 'UY'),
(253, 'Uzbekistan', 'UZ'),
(254, 'Vanuatu', 'VU'),
(255, 'Vatican City', 'VA'),
(256, 'Venezuela', 'VE'),
(257, 'Vietnam', 'VN'),
(260, 'Western Sahara', 'EH'),
(261, 'Yemen', 'YE'),
(262, 'Zambia', 'ZM'),
(263, 'Zimbabwe', 'ZW');
INSERT INTO `project` (`id`, `name`, `admin`, `url`, `description`, `start_date`, `add_date`, `paymenttype`) VALUES
(14, '11', 1, 'http://asd.ru', 'descr', '2016-02-03T00:00:00.000000', '2016-02-24T16:02:39.000000', 1),
(15, '11', 1, 'http://asd.ru', 'descr', '2016-02-03T00:00:00.000000', '2016-02-24T16:12:30.000000', 0),
(16, '11', 1, 'http://asd.ru', 'descr', '2016-02-03T00:00:00.000000', '2016-02-24T16:19:13.000000', 0),
(17, '11', 1, 'http://asd.ru', 'descr', '2016-02-03T00:00:00.000000', '2016-02-24T16:19:24.000000', 0),
(18, '11', 1, 'http://asd.ru', 'descr', '2016-02-03T00:00:00.000000', '2016-02-24T16:20:40.000000', 0),
(19, '11', 1, 'http://asd.ru', 'descr', '2016-02-03T00:00:00.000000', '2016-02-24T16:22:20.000000', 0),
(20, '11', 1, 'http://asd.ru', 'descr', '2016-02-03T00:00:00.000000', '2016-02-24T16:22:59.000000', 0),
(21, '11', 1, 'http://asd.ru', 'descr', '2016-02-03T00:00:00.000000', '2016-02-24T16:25:05.000000', 0),
(22, '1', 1, '2', '4', '1970-01-01T00:00:00.000000', '2016-02-25T16:40:44.000000', 1),
(23, '1', 1, '2', '4', '1970-01-01T00:00:00.000000', '2016-02-25T16:46:26.000000', 1),
(24, '1', 1, '2', '4', '1970-01-01T00:00:00.000000', '2016-02-25T16:47:40.000000', 1),
(25, '1', 1, '2', '4', '1970-01-01T00:00:00.000000', '2016-02-25T16:48:01.000000', 1),
(26, '1', 1, '2', '4', '1970-01-01T00:00:00.000000', '2016-02-25T16:48:23.000000', 1),
(27, '1', 1, '2', '4', '1970-01-01T00:00:00.000000', '2016-02-25T16:52:02.000000', 1),
(28, '1', 1, '2', '4', '1970-01-01T00:00:00.000000', '2016-02-25T16:52:15.000000', 1),
(29, '1', 1, '2', '4', '1970-01-01T00:00:00.000000', '2016-02-26T08:00:33.000000', 1),
(30, '1', 1, '2', '4', '1970-01-01T00:00:00.000000', '2016-02-26T08:00:42.000000', 1),
(31, '1', 1, '2', '4', '1970-01-01T00:00:00.000000', '2016-02-26T08:01:04.000000', 1),
(32, '1', 1, '2', '4', '1970-01-01T00:00:00.000000', '2016-02-26T08:01:44.000000', 1),
(33, '1', 1, '2', '4', '1970-01-01T00:00:00.000000', '2016-02-26T08:03:06.000000', 1),
(34, '1', 1, '2', '4', '1970-01-01T00:00:00.000000', '2016-02-26T08:09:19.000000', 1),
(35, '1', 1, '2', '4', '1970-01-01T00:00:00.000000', '2016-02-26T08:15:03.000000', 1),
(36, '1', 1, '2', '4', '1970-01-01T00:00:00.000000', '2016-02-26T08:15:47.000000', 1),
(37, '1', 1, '2', '4', '1970-01-01T00:00:00.000000', '2016-02-26T08:17:15.000000', 1),
(38, '1', 1, '2', '4', '1970-01-01T00:00:00.000000', '2016-02-26T08:17:49.000000', 1),
(39, '1', 1, '2', '4', '1970-01-01T00:00:00.000000', '2016-02-26T08:18:13.000000', 1),
(40, 'Hello', 1, '2', '4', '1970-01-01T00:00:00.000000', '2016-02-26T08:19:34.000000', 1),
(41, '1', 1, '2', '4', '1970-01-01T00:00:00.000000', '2016-02-26T14:39:17.000000', 1),
(42, '1', 1, '2', '4', '1970-01-01T00:00:00.000000', '2016-02-26T14:40:15.000000', 1),
(43, '1', 1, '2', '4', '1970-01-01T00:00:00.000000', '2016-02-26T14:40:48.000000', 1),
(44, '1', 1, '2', '4', '1970-01-01T00:00:00.000000', '2016-02-26T14:41:25.000000', 1),
(45, '1', 1, '2', '4', '1970-01-01T00:00:00.000000', '2016-02-26T14:41:45.000000', 1),
(46, '1', 1, '2', '4', '1970-01-01T00:00:00.000000', '2016-02-26T14:42:42.000000', 1),
(47, '1', 1, '2', '4', '1970-01-01T00:00:00.000000', '2016-02-26T14:43:06.000000', 1),
(48, '1', 1, '2', '4', '1970-01-01T00:00:00.000000', '2016-02-26T14:43:33.000000', 1),
(49, '1', 1, '2', '4', '1970-01-01T00:00:00.000000', '2016-02-26T14:44:13.000000', 1),
(50, '1', 1, '2', '4', '1970-01-01T00:00:00.000000', '2016-02-26T14:44:28.000000', 1),
(51, '1', 1, '2', '4', '1970-01-01T00:00:00.000000', '2016-02-26T14:45:04.000000', 1),
(52, '1', 1, '2', '4', '1970-01-01T00:00:00.000000', '2016-02-26T14:45:29.000000', 1),
(53, '1', 1, '2', '4', '1970-01-01T00:00:00.000000', '2016-02-26T15:57:26.000000', 1),
(54, '1', 1, '2', '4', '1970-01-01T00:00:00.000000', '2016-02-26T15:58:25.000000', 1),
(55, '1', 1, '2', '4', '1970-01-01T00:00:00.000000', '2016-02-26T15:59:10.000000', 1),
(56, '1', 1, '2', '4', '1970-01-01T00:00:00.000000', '2016-02-26T16:00:01.000000', 1),
(57, '1', 1, '2', '4', '1970-01-01T00:00:00.000000', '2016-02-26T16:00:37.000000', 1),
(58, '1', 1, '2', '4', '1970-01-01T00:00:00.000000', '2016-02-26T16:02:16.000000', 1),
(59, '1', 1, '2', '4', '1970-01-01T00:00:00.000000', '2016-02-26T16:02:51.000000', 1),
(60, '1', 1, '2', '4', '1970-01-01T00:00:00.000000', '2016-02-26T16:09:40.000000', 1),
(61, '1', 1, '2', '4', '1970-01-01T00:00:00.000000', '2016-02-26T16:10:33.000000', 1),
(62, '1', 1, '2', '4', '1970-01-01T00:00:00.000000', '2016-02-26T16:11:08.000000', 1),
(63, '1', 1, '2', '4', '1970-01-01T00:00:00.000000', '2016-02-26T16:15:24.000000', 1),
(64, '1', 1, '2', '4', '1970-01-01T00:00:00.000000', '2016-02-26T16:16:30.000000', 1),
(65, '1', 1, '2', '4', '1970-01-01T00:00:00.000000', '2016-02-26T16:40:32.000000', 1),
(66, '1', 1, '2', '4', '1970-01-01T00:00:00.000000', '2016-02-26T16:41:22.000000', 1),
(67, '1', 1, '2', '4', '2016-02-05T00:00:00.000000', '2016-02-26T16:49:26.000000', 1);
INSERT INTO `period_type` (`id`, `name`) VALUES
(1, 'Минута'),
(2, 'Час'),
(3, 'День'),
(4, 'Неделя'),
(5, 'Месяц'),
(6, 'Год');
INSERT INTO `payments` (`id`, `name`, `pos`) VALUES
(1, 'VISA', 1),
(2, '2co', 16),
(3, 'Advcash', 25),
(4, 'AmericanExpress', 3),
(5, 'Bitcoin', 7),
(6, 'Cirrus', 17),
(7, 'Delta', 18),
(8, 'Discover', 4),
(9, 'MasterCard', 2),
(10, 'MoneyBookers', 19),
(11, 'PayPal', 20),
(12, 'Payeer', 5),
(13, 'Payza', 21),
(14, 'PerfectMoney', 6),
(15, 'Qiwi', 8),
(16, 'Solo', 22),
(17, 'Switch', 23),
(18, 'WesternUnion', 24),
(19, 'Liqpay', 11),
(20, 'Neteller', 15),
(21, 'NixMoney', 14),
(22, 'OKpay', 13),
(23, 'SolidTrustPay', 12),
(24, 'WebMoney', 10),
(25, 'Yandex', 9);
ALTER TABLE `languages` ADD CONSTRAINT `flag` FOREIGN KEY (`flag`) REFERENCES `country`(`shortname`);
ALTER TABLE `project` ADD CONSTRAINT `FK_project_admin` FOREIGN KEY (`admin`) REFERENCES `user`(`id`);
ALTER TABLE `project_lang` ADD CONSTRAINT `FK_project_lang_lang` FOREIGN KEY (`lang_id`) REFERENCES `languages`(`id`);
ALTER TABLE `project_lang` ADD CONSTRAINT `FK_project_lang_project_id` FOREIGN KEY (`project_id`) REFERENCES `project`(`id`);
ALTER TABLE `project_payment` ADD CONSTRAINT `FK_project_payment_payment` FOREIGN KEY (`payment_id`) REFERENCES `payments`(`id`);
ALTER TABLE `project_payment` ADD CONSTRAINT `FK_project_payment_project_id` FOREIGN KEY (`project_id`) REFERENCES `project`(`id`);
ALTER TABLE `project_plans` ADD CONSTRAINT `FK_plans_currency_type_id` FOREIGN KEY (`currency_type_id`) REFERENCES `currency_type`(`id`);
ALTER TABLE `project_plans` ADD CONSTRAINT `FK_plans_period_type_id` FOREIGN KEY (`period_type_id`) REFERENCES `period_type`(`id`);
ALTER TABLE `project_plans` ADD CONSTRAINT `FK_plans_project_id` FOREIGN KEY (`project_id`) REFERENCES `project`(`id`);
ALTER TABLE `project_referral` ADD CONSTRAINT `FK_referral_levels_project_id` FOREIGN KEY (`project_id`) REFERENCES `project`(`id`);
ALTER TABLE `user` ADD CONSTRAINT `FK_user_status_id` FOREIGN KEY (`status_id`) REFERENCES `user_status`(`id`)

;/*!40101 SET SQL_MODE=@OLD_SQL_MODE */;
